{
  "schemas": [
    "urn:ietf:params:scim:schemas:core:2.0:ServiceProviderConfig"
  ],
  "documentationUri": "http://example.com/help/scim.html",
  "patch": {
    "supported": true
  },
  "bulk": {
    "supported": true,
    "maxOperations": 1000,
    "maxPayloadSize": 1048576
  },
  "filter": {
    "supported": true,
    "maxResults": 200
  },
  "changePassword": {
    "supported": false
  },
  "sort": {
    "supported": true
  },
  "etag": {
    "supported": true
  },
  "authenticationSchemes": [
    {
      "name": "OAuth Bearer Token",
      "description": "Authentication scheme using the OAuth Bearer Token Standard",
      "specURI": "http://www.rfc-editor.org/info/rfc6750",
      "urn:ietf:params:scim:schemas:core:2.0:ServiceProviderConfig:authenticationSchemes.documentationUri": "http://example.com/help/oauth.html",
      "type": "oauthbearertoken",
      "primary": true
    },
    {
      "name": "HTTP Basic",
      "description": "Authentication scheme using the HTTP Basic Standard",
      "specURI": "http://www.rfc-editor.org/info/rfc2617",
      "urn:ietf:params:scim:schemas:core:2.0:ServiceProviderConfig:authenticationSchemes.documentationUri": "http://example.com/help/httpBasic.html",
      "type": "httpbasic",
      "primary": true
    }
  ],
  "meta": {
    "location": "http://localhost:8080/v2/ServiceProviderConfig",
    "resourceType": "ServiceProviderConfig",
    "created": "2010-01-23T04:56:22Z",
    "lastModified": "2011-05-13T04:42:34Z",
    "version": "W\/\"3694e05e9dff594\""
  }
}